,Год,Всего,"землетря-сения2), извержения вулканов","опасные геологические явления (оползни, сели, обвалы, осыпи)","бури, ураганы, смерчи, шквалы, сильные метели",снежные лавины,"сильный дождь, сильный снегопад, крупный град","заморозки, засуха","морские опасные гидрологические явления (сильное волнение, напор льдов, обледенение судов)",отрыв прибрежных льдов,опасные гидроло-гические явления,крупные природные пожары3)
3,2010,118,8,-,3,1,6,20,-,14,8,58
4,2011,65,4,-,2,-,2,2,-,13,17,25
5,2012,148,2,1,9,-,12,18,-,8,21,77
6,2013,114,4,1,6,1,18,49,1,4,19,11
7,2014,44,-,1,10,-,16,3,-,2,7,5
8,2015,45,-,-,4,-,11,16,-,-,7,7
9,2016,54,-,2,6,-,21,7,-,1,15,2
10,2017,42,-,2,3,1,14,4,-,-,13,5
11,2018,44,-,-,1,-,11,14,-,1,12,5
