,Энергетика2),Промышленные процессы и использование промышленной продукции,Сельское хозяйство,"Землепользование, изменение землепользования и лесное хозяйство3)",Отходы,"Всего, без учета землепользования, изменения землепользования и лесного хозяйства","Всего, с учетом землепользования, изменения землепользования и лесного хозяйства",Год
0,1601.1,207.7,117.1,-563.9,68.0,1994.0,1430.0,2005
1,1668.4,197.1,115.5,-727.1,76.7,2057.7,1330.6,2010
2,1722.4,200.5,118.4,-678.9,79.2,2120.5,1441.6,2011
3,1729.7,216.6,118.5,-667.7,81.5,2146.3,1478.6,2012
4,1665.3,220.9,120.5,-656.4,84.0,2090.7,1434.3,2013
5,1659.1,221.1,121.9,-623.4,87.3,2089.5,1466.0,2014
6,1661.5,219.1,123.0,-601.0,90.0,2093.7,1492.6,2015
7,1661.5,219.1,124.4,-616.6,92.5,2097.5,1480.9,2016
8,1699.9,233.2,127.9,-577.7,94.5,2155.5,1577.8,2017
